{
    "giayCoCao": [{"imagesrc": "./Image/ananasf/ananas13.jpg","title":"Giày Xanh Cá Tính", "description": "Giày Vải Canvas NE Phù Hợp cho mọi đối tượng"},
    {"imagesrc": "./Image/ananasf/ananas13.jpg","title":"Giày Xanh Cá Tính", "description": "Giày Vải Canvas NE Phù Hợp cho mọi đối tượng"},
    {"imagesrc": "./Image/ananasf/ananas13.jpg","title":"Giày Xanh Cá Tính", "description": "Giày Vải Canvas NE Phù Hợp cho mọi đối tượng"},
    {"imagesrc": "./Image/ananasf/ananas13.jpg","title":"Giày Xanh Cá Tính", "description": "Giày Vải Canvas NE Phù Hợp cho mọi đối tượng"},
    {"imagesrc": "./Image/ananasf/ananas13.jpg","title":"Giày Xanh Cá Tính", "description": "Giày Vải Canvas NE Phù Hợp cho mọi đối tượng"},
    {"imagesrc": "./Image/ananasf/ananas13.jpg","title":"Giày Xanh Cá Tính", "description": "Giày Vải Canvas NE Phù Hợp cho mọi đối tượng"},
    {"imagesrc": "./Image/ananasf/ananas13.jpg","title":"Giày Xanh Cá Tính", "description": "Giày Vải Canvas NE Phù Hợp cho mọi đối tượng"},
    {"imagesrc": "./Image/ananasf/ananas13.jpg","title":"Giày Xanh Cá Tính", "description": "Giày Vải Canvas NE Phù Hợp cho mọi đối tượng"}],

    "giayCoThap": [{"imagesrc": "./Image/ananasf/ananas15.jpg","title":"Giày Xanh Cá Tính", "description": "Giày Vải Canvas NE Phù Hợp cho mọi đối tượng"},
    {"imagesrc": "./Image/ananasf/ananas15.jpg","title":"Giày Xanh Cá Tính", "description": "Giày Vải Canvas NE Phù Hợp cho mọi đối tượng"},
    {"imagesrc": "./Image/ananasf/ananas15.jpg","title":"Giày Xanh Cá Tính", "description": "Giày Vải Canvas NE Phù Hợp cho mọi đối tượng"},
    {"imagesrc": "./Image/ananasf/ananas15.jpg","title":"Giày Xanh Cá Tính", "description": "Giày Vải Canvas NE Phù Hợp cho mọi đối tượng"},
    {"imagesrc": "./Image/ananasf/ananas15.jpg","title":"Giày Xanh Cá Tính", "description": "Giày Vải Canvas NE Phù Hợp cho mọi đối tượng"},
    {"imagesrc": "./Image/ananasf/ananas15.jpg","title":"Giày Xanh Cá Tính", "description": "Giày Vải Canvas NE Phù Hợp cho mọi đối tượng"},
    {"imagesrc": "./Image/ananasf/ananas15.jpg","title":"Giày Xanh Cá Tính", "description": "Giày Vải Canvas NE Phù Hợp cho mọi đối tượng"},
    {"imagesrc": "./Image/ananasf/ananas15.jpg","title":"Giày Xanh Cá Tính", "description": "Giày Vải Canvas NE Phù Hợp cho mọi đối tượng"}],
    
    "giayflipflopProducts": [{"imagesrc": "./Image/ananasf/ananas41.jpg","title":"Giày Xanh Cá Tính", "description": "Giày Vải Canvas NE Phù Hợp cho mọi đối tượng"},
    {"imagesrc": "./Image/ananasf/ananas10 (1).jpg","title":"Giày Xanh Cá Tính", "description": "Giày Vải Canvas NE Phù Hợp cho mọi đối tượng"},
    {"imagesrc": "./Image/ananasf/ananas10 (1).jpg","title":"Giày Xanh Cá Tính", "description": "Giày Vải Canvas NE Phù Hợp cho mọi đối tượng"},
    {"imagesrc": "./Image/ananasf/ananas10 (1).jpg","title":"Giày Xanh Cá Tính", "description": "Giày Vải Canvas NE Phù Hợp cho mọi đối tượng"},
    {"imagesrc": "./Image/ananasf/ananas10 (1).jpg","title":"Giày Xanh Cá Tính", "description": "Giày Vải Canvas NE Phù Hợp cho mọi đối tượng"},
    {"imagesrc": "./Image/ananasf/ananas10 (1).jpg","title":"Giày Xanh Cá Tính", "description": "Giày Vải Canvas NE Phù Hợp cho mọi đối tượng"},
    {"imagesrc": "./Image/ananasf/ananas10 (1).jpg","title":"Giày Xanh Cá Tính", "description": "Giày Vải Canvas NE Phù Hợp cho mọi đối tượng"},
    {"imagesrc": "./Image/ananasf/ananas10 (1).jpg","title":"Giày Xanh Cá Tính", "description": "Giày Vải Canvas NE Phù Hợp cho mọi đối tượng"}]
}